batch,cursor
0,*
1,AoIIQJ9rvHLPjDU%3D
2,AoIIQJ9c%2B3innVM%3D
3,AoIIQJ9c%2B3rV/UE%3D
4,AoIIQJ9c%2B3KPtTc%3D
5,AoIIQJ88kHbxmDM%3D
6,AoIIQJ80N3SrsTo%3D
7,AoIIQJ5qdHXvmzQ%3D
8,AoIIP0QPVnz0xroB
9,AoIIPyyc5XD67UM%3D
10,AoIIPx2KynWA19kB
11,AoIIPxVBU37fjEI%3D
12,AoIIPxCyEH3oqIsB
13,AoIIPw54B3LJ7YQB
14,AoIIPwwdfnG%2BhmI%3D
15,AoIIPwui8HmD0q4B
16,AoIIPwui8Hzxyn0%3D
17,AoIIPwui8HLLmTQ%3D
18,AoIIPwroOnS5hVY%3D
19,AoIIPwl36na4lr4B
20,AoIIPwe7QXu%2Bims%3D
21,AoIIPwbrPnH6llU%3D
22,AoIIPwae5HXh4Go%3D
23,AoIIPwYYanuK1OwB
24,AoIIPwYYanfH5OMB
25,AoIIPwYYanTk6NoB
26,AoIIPwYYanKxr9EB
27,AoIIPwYYanHQ58oB
28,AoIIPwYYanKN5MUB
29,AoIIPwYYani6%2BcAB
30,AoIIPwYYanWArrkB
31,AoIIPwYYan2wgbMB
32,AoIIPwYYanrnuK4B
33,AoIIPwYYan/a8qQB
34,AoIIPwYYanias54B
35,AoIIPwYYanfxj5UB
36,AoIIPwYYanWFhpAB
37,AoIIPwYYanTogowB
38,AoIIPwYYan7%2B/H4%3D
39,AoIIPwYYanKXnHM%3D
40,AoIIPwYYanrEumg%3D
41,AoIIPwYYanT6ykU%3D
42,AoIIPwWlqXn1tz4%3D
43,AoIIPwWQsHyf1aIB
44,AoIIPwWQsHPN0WQ%3D
45,AoIIPwUeuH/m5tUB
46,AoIIPwTUiXWeooAB
47,AoIIPwRUFXHo/rYB
48,AoIIPwOENHXphW8%3D
49,AoIIPwKChHuGhsEB
50,AoIIPwGNR36MszQ%3D
51,AoIIPwE123me5jg%3D
52,AoIIPwDDCXmj5KsB
53,AoIIPwCjDnqHsIQB
54,AoIIPwCjDnG1tno%3D
55,AoIIPwCjDnXqq28%3D
56,AoIIPwCjDneFrWU%3D
57,AoIIPwCjDnOwnUk%3D
58,AoIIPwCjDnvPlzU%3D
59,AoIIPwCH/XmHu3Q%3D
60,AoIIPwBKUX/IgUk%3D
61,AoIIPwAAAH66/sIB
62,AoIIPwAAAHzb%2BmE%3D
63,AoIIPv/5lHScgW4%3D
64,AoIIPv8Sf37Hu2M%3D
65,AoIIPv655XfPpX0%3D
66,AoIIPv655XzIyDM%3D
67,AoIIPv4Ls3vnjTc%3D
68,AoIIPv0e%2B3X9rUE%3D
69,AoIIPvvIn3TU1%2BIB
70,AoIIPvnw5XrEhaMB
71,AoIIPvf16H3LtsIB
72,AoIIPvXgL3POjZ0B
73,AoIIPvTeoHXmoXI%3D
74,AoIIPvPPLXHH/9IB
75,AoIIPvPPLXmambQB
76,AoIIPvPPLXbi2ZAB
77,AoIIPvPPLXCtrWQ%3D
78,AoIIPvLCN3q88OcB
79,AoIIPvHOjn/76b0B
80,AoIIPu%2BIM323%2BcIB
81,AoIIPuzlT3f1ud4B
82,AoIIPumh3HC01acB
83,AoIIPuc50n%2BJvGs%3D
84,AoIIPuFZYHTv0s4B
85,AoIIPtqywHLA24kB
86,AoIIPtNVBHePyIMB
87,AoIIPsnkk3eotmM%3D
88,AoIIPr0KA3/1pcMB
89,AoIIPqYd63HDtHE%3D
90,AoIIPnS39nelozM%3D
91,AoIIAAAAAHvBjO8B
92,AoIIAAAAAHj6q%2B4B
93,AoIIAAAAAHPE6%2B0B
94,AoIIAAAAAH7mi%2B0B
95,AoIIAAAAAHaIs%2BwB
96,AoIIAAAAAHGb1%2BsB
97,AoIIAAAAAHzLlOsB
98,AoIIAAAAAHeAxOoB
99,AoIIAAAAAHub8ukB
100,AoIIAAAAAHCnmOkB
